id;name;description;created_at;updated_at
1;incidentally entrench;../fake-data/blob/hipster.txt;2024-11-23T09:02:39;2024-11-22T21:16:00
2;supposing while putrefy;../fake-data/blob/hipster.txt;2024-11-22T22:37:06;2024-11-23T08:56:56
3;swift;../fake-data/blob/hipster.txt;2024-11-23T13:38:09;2024-11-23T01:27:06
4;hm during;../fake-data/blob/hipster.txt;2024-11-22T20:41:16;2024-11-23T08:34:08
5;form gape reboot;../fake-data/blob/hipster.txt;2024-11-22T15:21:15;2024-11-23T06:17:43
6;around;../fake-data/blob/hipster.txt;2024-11-22T15:34:12;2024-11-22T19:27:43
7;sniveling how against;../fake-data/blob/hipster.txt;2024-11-23T14:33:41;2024-11-23T06:10:24
8;contradict;../fake-data/blob/hipster.txt;2024-11-23T08:23:38;2024-11-22T18:20:31
9;produce;../fake-data/blob/hipster.txt;2024-11-22T18:19:52;2024-11-22T19:13:39
10;unless excellent calmly;../fake-data/blob/hipster.txt;2024-11-23T01:15:19;2024-11-22T15:20:10
