id;name;image;description
1;flickering lounge;oil;../fake-data/blob/hipster.txt
2;zowie impish indeed;ah after;../fake-data/blob/hipster.txt
3;aw known;aha border celsius;../fake-data/blob/hipster.txt
4;jeopardise elevator;swelter muddy meanwhile;../fake-data/blob/hipster.txt
5;huzzah squirm lest;angelic impressive;../fake-data/blob/hipster.txt
6;given eminent;aboard ugh superficial;../fake-data/blob/hipster.txt
7;a provision magnificent;shell if because;../fake-data/blob/hipster.txt
8;affect;mummify godparent;../fake-data/blob/hipster.txt
9;mostly;graceful now larva;../fake-data/blob/hipster.txt
10;thick;sharply;../fake-data/blob/hipster.txt
